<?xml version="1.0" encoding="UTF-8"?>
<project-private xmlns="http://www.netbeans.org/ns/project-private/1">
    <editor-bookmarks xmlns="http://www.netbeans.org/ns/editor-bookmarks/2" lastBookmarkId="0"/>
    <open-files xmlns="http://www.netbeans.org/ns/projectui-open-files/2">
        <group>
            <file>file:/C:/Users/NITRO/Documents/NetBeansProjects/MDPLP/src/mdplp/Dosen.java</file>
            <file>file:/C:/Users/NITRO/Documents/NetBeansProjects/MDPLP/src/mdplp/Mahasiswa.java</file>
            <file>file:/C:/Users/NITRO/Documents/NetBeansProjects/MDPLP/src/mdplp/gui_mahasiswa.java</file>
            <file>file:/C:/Users/NITRO/Documents/NetBeansProjects/MDPLP/src/mdplp/KoneksiDB.java</file>
            <file>file:/C:/Users/NITRO/Documents/NetBeansProjects/MDPLP/src/mdplp/gui_dosen.java</file>
        </group>
    </open-files>
</project-private>
